file,line,col,log_line,raw_message,category,suggestion
/home/jasper/Development/CP-DEV-SELF/something/CinderPeak/src/Algorithms/CinderPeakAlgorithms.hpp,17.0,12.0,10,"declaration of ‘hcsr’ shadows a member of ‘CinderPeak::Algorithms::CinderPeakAlgorithms<VertexType, EdgeType>’ [-Wshadow]",variable shadowing,Rename inner variable or reduce its scope to avoid shadowing.
/home/jasper/Development/CP-DEV-SELF/something/CinderPeak/src/StorageEngine/HybridCSR_COO.hpp,497.0,26.0,24,potential null pointer dereference [-Wnull-dereference],possible null dereference,Add null checks or use non-nullable types / optionals.
/home/jasper/Development/CP-DEV-SELF/something/CinderPeak/src/StorageEngine/HybridCSR_COO.hpp,497.0,26.0,27,potential null pointer dereference [-Wnull-dereference],possible null dereference,Add null checks or use non-nullable types / optionals.
/home/jasper/Development/CP-DEV-SELF/something/CinderPeak/src/StorageEngine/HybridCSR_COO.hpp,497.0,26.0,30,potential null pointer dereference [-Wnull-dereference],possible null dereference,Add null checks or use non-nullable types / optionals.
/home/jasper/Development/CP-DEV-SELF/something/CinderPeak/src/Algorithms/CinderPeakAlgorithms.hpp,17.0,12.0,38,"declaration of ‘hcsr’ shadows a member of ‘CinderPeak::Algorithms::CinderPeakAlgorithms<VertexType, EdgeType>’ [-Wshadow]",variable shadowing,Rename inner variable or reduce its scope to avoid shadowing.
/home/jasper/Development/CP-DEV-SELF/something/CinderPeak/src/StorageEngine/HybridCSR_COO.hpp,497.0,26.0,52,potential null pointer dereference [-Wnull-dereference],possible null dereference,Add null checks or use non-nullable types / optionals.
/home/jasper/Development/CP-DEV-SELF/something/CinderPeak/src/StorageEngine/HybridCSR_COO.hpp,497.0,26.0,55,potential null pointer dereference [-Wnull-dereference],possible null dereference,Add null checks or use non-nullable types / optionals.
/home/jasper/Development/CP-DEV-SELF/something/CinderPeak/src/StorageEngine/HybridCSR_COO.hpp,497.0,26.0,58,potential null pointer dereference [-Wnull-dereference],possible null dereference,Add null checks or use non-nullable types / optionals.
/home/jasper/Development/CP-DEV-SELF/something/CinderPeak/src/Algorithms/CinderPeakAlgorithms.hpp,17.0,12.0,66,"declaration of ‘hcsr’ shadows a member of ‘CinderPeak::Algorithms::CinderPeakAlgorithms<VertexType, EdgeType>’ [-Wshadow]",variable shadowing,Rename inner variable or reduce its scope to avoid shadowing.
/home/jasper/Development/CP-DEV-SELF/something/CinderPeak/src/StorageEngine/HybridCSR_COO.hpp,497.0,26.0,80,potential null pointer dereference [-Wnull-dereference],possible null dereference,Add null checks or use non-nullable types / optionals.
/home/jasper/Development/CP-DEV-SELF/something/CinderPeak/src/StorageEngine/HybridCSR_COO.hpp,497.0,26.0,83,potential null pointer dereference [-Wnull-dereference],possible null dereference,Add null checks or use non-nullable types / optionals.
/home/jasper/Development/CP-DEV-SELF/something/CinderPeak/src/StorageEngine/HybridCSR_COO.hpp,497.0,26.0,86,potential null pointer dereference [-Wnull-dereference],possible null dereference,Add null checks or use non-nullable types / optionals.
/home/jasper/Development/CP-DEV-SELF/something/CinderPeak/src/Algorithms/CinderPeakAlgorithms.hpp,17.0,12.0,96,"declaration of ‘hcsr’ shadows a member of ‘CinderPeak::Algorithms::CinderPeakAlgorithms<VertexType, EdgeType>’ [-Wshadow]",variable shadowing,Rename inner variable or reduce its scope to avoid shadowing.
/home/jasper/Development/CP-DEV-SELF/something/CinderPeak/src/StorageEngine/HybridCSR_COO.hpp,497.0,26.0,110,potential null pointer dereference [-Wnull-dereference],possible null dereference,Add null checks or use non-nullable types / optionals.
/home/jasper/Development/CP-DEV-SELF/something/CinderPeak/src/StorageEngine/HybridCSR_COO.hpp,497.0,26.0,113,potential null pointer dereference [-Wnull-dereference],possible null dereference,Add null checks or use non-nullable types / optionals.
/home/jasper/Development/CP-DEV-SELF/something/CinderPeak/src/StorageEngine/HybridCSR_COO.hpp,497.0,26.0,116,potential null pointer dereference [-Wnull-dereference],possible null dereference,Add null checks or use non-nullable types / optionals.
/home/jasper/Development/CP-DEV-SELF/something/CinderPeak/src/StorageEngine/HybridCSR_COO.hpp,497.0,26.0,119,potential null pointer dereference [-Wnull-dereference],possible null dereference,Add null checks or use non-nullable types / optionals.
/home/jasper/Development/CP-DEV-SELF/something/CinderPeak/src/StorageEngine/HybridCSR_COO.hpp,497.0,26.0,122,potential null pointer dereference [-Wnull-dereference],possible null dereference,Add null checks or use non-nullable types / optionals.
/home/jasper/Development/CP-DEV-SELF/something/CinderPeak/src/Algorithms/CinderPeakAlgorithms.hpp,17.0,12.0,130,"declaration of ‘hcsr’ shadows a member of ‘CinderPeak::Algorithms::CinderPeakAlgorithms<VertexType, EdgeType>’ [-Wshadow]",variable shadowing,Rename inner variable or reduce its scope to avoid shadowing.
/home/jasper/Development/CP-DEV-SELF/something/CinderPeak/src/StorageEngine/HybridCSR_COO.hpp,497.0,26.0,144,potential null pointer dereference [-Wnull-dereference],possible null dereference,Add null checks or use non-nullable types / optionals.
/home/jasper/Development/CP-DEV-SELF/something/CinderPeak/src/StorageEngine/HybridCSR_COO.hpp,497.0,26.0,147,potential null pointer dereference [-Wnull-dereference],possible null dereference,Add null checks or use non-nullable types / optionals.
/home/jasper/Development/CP-DEV-SELF/something/CinderPeak/src/StorageEngine/HybridCSR_COO.hpp,497.0,26.0,150,potential null pointer dereference [-Wnull-dereference],possible null dereference,Add null checks or use non-nullable types / optionals.
/home/jasper/Development/CP-DEV-SELF/something/CinderPeak/src/Algorithms/CinderPeakAlgorithms.hpp,17.0,12.0,158,"declaration of ‘hcsr’ shadows a member of ‘CinderPeak::Algorithms::CinderPeakAlgorithms<VertexType, EdgeType>’ [-Wshadow]",variable shadowing,Rename inner variable or reduce its scope to avoid shadowing.
/home/jasper/Development/CP-DEV-SELF/something/CinderPeak/src/StorageEngine/HybridCSR_COO.hpp,497.0,26.0,172,potential null pointer dereference [-Wnull-dereference],possible null dereference,Add null checks or use non-nullable types / optionals.
/home/jasper/Development/CP-DEV-SELF/something/CinderPeak/src/StorageEngine/HybridCSR_COO.hpp,497.0,26.0,175,potential null pointer dereference [-Wnull-dereference],possible null dereference,Add null checks or use non-nullable types / optionals.
/home/jasper/Development/CP-DEV-SELF/something/CinderPeak/src/StorageEngine/HybridCSR_COO.hpp,497.0,26.0,178,potential null pointer dereference [-Wnull-dereference],possible null dereference,Add null checks or use non-nullable types / optionals.
/home/jasper/Development/CP-DEV-SELF/something/CinderPeak/src/StorageEngine/HybridCSR_COO.hpp,497.0,26.0,181,potential null pointer dereference [-Wnull-dereference],possible null dereference,Add null checks or use non-nullable types / optionals.
/home/jasper/Development/CP-DEV-SELF/something/CinderPeak/src/StorageEngine/HybridCSR_COO.hpp,497.0,26.0,184,potential null pointer dereference [-Wnull-dereference],possible null dereference,Add null checks or use non-nullable types / optionals.
/home/jasper/Development/CP-DEV-SELF/something/CinderPeak/src/Algorithms/CinderPeakAlgorithms.hpp,17.0,12.0,192,"declaration of ‘hcsr’ shadows a member of ‘CinderPeak::Algorithms::CinderPeakAlgorithms<VertexType, EdgeType>’ [-Wshadow]",variable shadowing,Rename inner variable or reduce its scope to avoid shadowing.
/home/jasper/Development/CP-DEV-SELF/something/CinderPeak/src/StorageEngine/HybridCSR_COO.hpp,497.0,26.0,206,potential null pointer dereference [-Wnull-dereference],possible null dereference,Add null checks or use non-nullable types / optionals.
/home/jasper/Development/CP-DEV-SELF/something/CinderPeak/src/Algorithms/CinderPeakAlgorithms.hpp,17.0,12.0,214,"declaration of ‘hcsr’ shadows a member of ‘CinderPeak::Algorithms::CinderPeakAlgorithms<VertexType, EdgeType>’ [-Wshadow]",variable shadowing,Rename inner variable or reduce its scope to avoid shadowing.
/home/jasper/Development/CP-DEV-SELF/something/CinderPeak/src/StorageEngine/HybridCSR_COO.hpp,497.0,26.0,228,potential null pointer dereference [-Wnull-dereference],possible null dereference,Add null checks or use non-nullable types / optionals.
/home/jasper/Development/CP-DEV-SELF/something/CinderPeak/src/StorageEngine/HybridCSR_COO.hpp,497.0,26.0,231,potential null pointer dereference [-Wnull-dereference],possible null dereference,Add null checks or use non-nullable types / optionals.
/home/jasper/Development/CP-DEV-SELF/something/CinderPeak/src/Algorithms/CinderPeakAlgorithms.hpp,17.0,12.0,239,"declaration of ‘hcsr’ shadows a member of ‘CinderPeak::Algorithms::CinderPeakAlgorithms<VertexType, EdgeType>’ [-Wshadow]",variable shadowing,Rename inner variable or reduce its scope to avoid shadowing.
/home/jasper/Development/CP-DEV-SELF/something/CinderPeak/src/StorageEngine/HybridCSR_COO.hpp,497.0,26.0,253,potential null pointer dereference [-Wnull-dereference],possible null dereference,Add null checks or use non-nullable types / optionals.
/home/jasper/Development/CP-DEV-SELF/something/CinderPeak/src/StorageEngine/HybridCSR_COO.hpp,497.0,26.0,256,potential null pointer dereference [-Wnull-dereference],possible null dereference,Add null checks or use non-nullable types / optionals.
/home/jasper/Development/CP-DEV-SELF/something/CinderPeak/src/StorageEngine/HybridCSR_COO.hpp,497.0,26.0,259,potential null pointer dereference [-Wnull-dereference],possible null dereference,Add null checks or use non-nullable types / optionals.
/home/jasper/Development/CP-DEV-SELF/something/CinderPeak/src/StorageEngine/HybridCSR_COO.hpp,497.0,26.0,262,potential null pointer dereference [-Wnull-dereference],possible null dereference,Add null checks or use non-nullable types / optionals.
/home/jasper/Development/CP-DEV-SELF/something/CinderPeak/src/StorageEngine/HybridCSR_COO.hpp,497.0,26.0,265,potential null pointer dereference [-Wnull-dereference],possible null dereference,Add null checks or use non-nullable types / optionals.
/home/jasper/Development/CP-DEV-SELF/something/CinderPeak/src/Algorithms/CinderPeakAlgorithms.hpp,17.0,12.0,273,"declaration of ‘hcsr’ shadows a member of ‘CinderPeak::Algorithms::CinderPeakAlgorithms<VertexType, EdgeType>’ [-Wshadow]",variable shadowing,Rename inner variable or reduce its scope to avoid shadowing.
/home/jasper/Development/CP-DEV-SELF/something/CinderPeak/src/StorageEngine/HybridCSR_COO.hpp,497.0,26.0,287,potential null pointer dereference [-Wnull-dereference],possible null dereference,Add null checks or use non-nullable types / optionals.
/home/jasper/Development/CP-DEV-SELF/something/CinderPeak/src/Algorithms/CinderPeakAlgorithms.hpp,17.0,12.0,295,"declaration of ‘hcsr’ shadows a member of ‘CinderPeak::Algorithms::CinderPeakAlgorithms<VertexType, EdgeType>’ [-Wshadow]",variable shadowing,Rename inner variable or reduce its scope to avoid shadowing.
/home/jasper/Development/CP-DEV-SELF/something/CinderPeak/src/StorageEngine/HybridCSR_COO.hpp,497.0,26.0,309,potential null pointer dereference [-Wnull-dereference],possible null dereference,Add null checks or use non-nullable types / optionals.
/home/jasper/Development/CP-DEV-SELF/something/CinderPeak/src/StorageEngine/HybridCSR_COO.hpp,497.0,26.0,312,potential null pointer dereference [-Wnull-dereference],possible null dereference,Add null checks or use non-nullable types / optionals.
/home/jasper/Development/CP-DEV-SELF/something/CinderPeak/src/Algorithms/CinderPeakAlgorithms.hpp,17.0,12.0,320,"declaration of ‘hcsr’ shadows a member of ‘CinderPeak::Algorithms::CinderPeakAlgorithms<VertexType, EdgeType>’ [-Wshadow]",variable shadowing,Rename inner variable or reduce its scope to avoid shadowing.
/home/jasper/Development/CP-DEV-SELF/something/CinderPeak/src/Algorithms/CinderPeakAlgorithms.hpp,17.0,12.0,333,"declaration of ‘hcsr’ shadows a member of ‘CinderPeak::Algorithms::CinderPeakAlgorithms<VertexType, EdgeType>’ [-Wshadow]",variable shadowing,Rename inner variable or reduce its scope to avoid shadowing.
/home/jasper/Development/CP-DEV-SELF/something/CinderPeak/src/StorageEngine/AdjacencyList.hpp,178.0,22.0,345,unused variable ‘warning’ [-Wunused-variable],unused symbol,"Remove the unused symbol, use it intentionally, or suppress with the appropriate attribute/pragmas (e.g., [[maybe_unused]])."
<unknown>,,,346,: warnings) {,generic warning,"Read the full compiler/tool message and follow its suggested fix; if unclear, paste the specific warning for tailored advice."
/home/jasper/Development/CP-DEV-SELF/something/CinderPeak/src/StorageEngine/AdjacencyList.hpp,178.0,22.0,352,unused variable ‘warning’ [-Wunused-variable],unused symbol,"Remove the unused symbol, use it intentionally, or suppress with the appropriate attribute/pragmas (e.g., [[maybe_unused]])."
<unknown>,,,353,: warnings) {,generic warning,"Read the full compiler/tool message and follow its suggested fix; if unclear, paste the specific warning for tailored advice."
/home/jasper/Development/CP-DEV-SELF/something/CinderPeak/src/Algorithms/CinderPeakAlgorithms.hpp,17.0,12.0,361,"declaration of ‘hcsr’ shadows a member of ‘CinderPeak::Algorithms::CinderPeakAlgorithms<VertexType, EdgeType>’ [-Wshadow]",variable shadowing,Rename inner variable or reduce its scope to avoid shadowing.
/home/jasper/Development/CP-DEV-SELF/something/CinderPeak/src/Algorithms/CinderPeakAlgorithms.hpp,17.0,12.0,375,"declaration of ‘hcsr’ shadows a member of ‘CinderPeak::Algorithms::CinderPeakAlgorithms<VertexType, EdgeType>’ [-Wshadow]",variable shadowing,Rename inner variable or reduce its scope to avoid shadowing.
/home/jasper/Development/CP-DEV-SELF/something/CinderPeak/src/Algorithms/CinderPeakAlgorithms.hpp,17.0,12.0,389,"declaration of ‘hcsr’ shadows a member of ‘CinderPeak::Algorithms::CinderPeakAlgorithms<VertexType, EdgeType>’ [-Wshadow]",variable shadowing,Rename inner variable or reduce its scope to avoid shadowing.
/home/jasper/Development/CP-DEV-SELF/something/CinderPeak/src/StorageEngine/AdjacencyList.hpp,178.0,22.0,401,unused variable ‘warning’ [-Wunused-variable],unused symbol,"Remove the unused symbol, use it intentionally, or suppress with the appropriate attribute/pragmas (e.g., [[maybe_unused]])."
<unknown>,,,402,: warnings) {,generic warning,"Read the full compiler/tool message and follow its suggested fix; if unclear, paste the specific warning for tailored advice."
/home/jasper/Development/CP-DEV-SELF/something/CinderPeak/src/StorageEngine/AdjacencyList.hpp,178.0,22.0,408,unused variable ‘warning’ [-Wunused-variable],unused symbol,"Remove the unused symbol, use it intentionally, or suppress with the appropriate attribute/pragmas (e.g., [[maybe_unused]])."
<unknown>,,,409,: warnings) {,generic warning,"Read the full compiler/tool message and follow its suggested fix; if unclear, paste the specific warning for tailored advice."
/home/jasper/Development/CP-DEV-SELF/something/CinderPeak/src/StorageEngine/AdjacencyList.hpp,178.0,22.0,415,unused variable ‘warning’ [-Wunused-variable],unused symbol,"Remove the unused symbol, use it intentionally, or suppress with the appropriate attribute/pragmas (e.g., [[maybe_unused]])."
<unknown>,,,416,: warnings) {,generic warning,"Read the full compiler/tool message and follow its suggested fix; if unclear, paste the specific warning for tailored advice."
/home/jasper/Development/CP-DEV-SELF/something/CinderPeak/src/Algorithms/CinderPeakAlgorithms.hpp,17.0,12.0,424,"declaration of ‘hcsr’ shadows a member of ‘CinderPeak::Algorithms::CinderPeakAlgorithms<VertexType, EdgeType>’ [-Wshadow]",variable shadowing,Rename inner variable or reduce its scope to avoid shadowing.
/home/jasper/Development/CP-DEV-SELF/something/CinderPeak/src/StorageEngine/HybridCSR_COO.hpp,497.0,26.0,438,potential null pointer dereference [-Wnull-dereference],possible null dereference,Add null checks or use non-nullable types / optionals.
/home/jasper/Development/CP-DEV-SELF/something/CinderPeak/src/StorageEngine/HybridCSR_COO.hpp,497.0,26.0,441,potential null pointer dereference [-Wnull-dereference],possible null dereference,Add null checks or use non-nullable types / optionals.
/home/jasper/Development/CP-DEV-SELF/something/CinderPeak/src/StorageEngine/HybridCSR_COO.hpp,497.0,26.0,444,potential null pointer dereference [-Wnull-dereference],possible null dereference,Add null checks or use non-nullable types / optionals.
/home/jasper/Development/CP-DEV-SELF/something/CinderPeak/src/Algorithms/CinderPeakAlgorithms.hpp,17.0,12.0,452,"declaration of ‘hcsr’ shadows a member of ‘CinderPeak::Algorithms::CinderPeakAlgorithms<VertexType, EdgeType>’ [-Wshadow]",variable shadowing,Rename inner variable or reduce its scope to avoid shadowing.
/home/jasper/Development/CP-DEV-SELF/something/CinderPeak/src/Algorithms/CinderPeakAlgorithms.hpp,17.0,12.0,466,"declaration of ‘hcsr’ shadows a member of ‘CinderPeak::Algorithms::CinderPeakAlgorithms<VertexType, EdgeType>’ [-Wshadow]",variable shadowing,Rename inner variable or reduce its scope to avoid shadowing.
/home/jasper/Development/CP-DEV-SELF/something/CinderPeak/src/Algorithms/CinderPeakAlgorithms.hpp,17.0,12.0,480,"declaration of ‘hcsr’ shadows a member of ‘CinderPeak::Algorithms::CinderPeakAlgorithms<VertexType, EdgeType>’ [-Wshadow]",variable shadowing,Rename inner variable or reduce its scope to avoid shadowing.
/home/jasper/Development/CP-DEV-SELF/something/CinderPeak/src/StorageEngine/HybridCSR_COO.hpp,497.0,26.0,491,potential null pointer dereference [-Wnull-dereference],possible null dereference,Add null checks or use non-nullable types / optionals.
/home/jasper/Development/CP-DEV-SELF/something/CinderPeak/src/Algorithms/CinderPeakAlgorithms.hpp,17.0,12.0,499,"declaration of ‘hcsr’ shadows a member of ‘CinderPeak::Algorithms::CinderPeakAlgorithms<VertexType, EdgeType>’ [-Wshadow]",variable shadowing,Rename inner variable or reduce its scope to avoid shadowing.
/home/jasper/Development/CP-DEV-SELF/something/CinderPeak/src/Algorithms/CinderPeakAlgorithms.hpp,17.0,12.0,514,"declaration of ‘hcsr’ shadows a member of ‘CinderPeak::Algorithms::CinderPeakAlgorithms<VertexType, EdgeType>’ [-Wshadow]",variable shadowing,Rename inner variable or reduce its scope to avoid shadowing.
/home/jasper/Development/CP-DEV-SELF/something/CinderPeak/src/StorageEngine/HybridCSR_COO.hpp,497.0,26.0,523,potential null pointer dereference [-Wnull-dereference],possible null dereference,Add null checks or use non-nullable types / optionals.
/home/jasper/Development/CP-DEV-SELF/something/CinderPeak/src/StorageEngine/HybridCSR_COO.hpp,497.0,26.0,526,potential null pointer dereference [-Wnull-dereference],possible null dereference,Add null checks or use non-nullable types / optionals.
/home/jasper/Development/CP-DEV-SELF/something/CinderPeak/src/Algorithms/CinderPeakAlgorithms.hpp,17.0,12.0,534,"declaration of ‘hcsr’ shadows a member of ‘CinderPeak::Algorithms::CinderPeakAlgorithms<VertexType, EdgeType>’ [-Wshadow]",variable shadowing,Rename inner variable or reduce its scope to avoid shadowing.
/home/jasper/Development/CP-DEV-SELF/something/CinderPeak/src/Algorithms/CinderPeakAlgorithms.hpp,17.0,12.0,548,"declaration of ‘hcsr’ shadows a member of ‘CinderPeak::Algorithms::CinderPeakAlgorithms<VertexType, EdgeType>’ [-Wshadow]",variable shadowing,Rename inner variable or reduce its scope to avoid shadowing.
/home/jasper/Development/CP-DEV-SELF/something/CinderPeak/src/Algorithms/CinderPeakAlgorithms.hpp,17.0,12.0,563,"declaration of ‘hcsr’ shadows a member of ‘CinderPeak::Algorithms::CinderPeakAlgorithms<VertexType, EdgeType>’ [-Wshadow]",variable shadowing,Rename inner variable or reduce its scope to avoid shadowing.
/home/jasper/Development/CP-DEV-SELF/something/CinderPeak/src/StorageEngine/HybridCSR_COO.hpp,497.0,26.0,572,potential null pointer dereference [-Wnull-dereference],possible null dereference,Add null checks or use non-nullable types / optionals.
/home/jasper/Development/CP-DEV-SELF/something/CinderPeak/src/Algorithms/CinderPeakAlgorithms.hpp,17.0,12.0,581,"declaration of ‘hcsr’ shadows a member of ‘CinderPeak::Algorithms::CinderPeakAlgorithms<VertexType, EdgeType>’ [-Wshadow]",variable shadowing,Rename inner variable or reduce its scope to avoid shadowing.
/home/jasper/Development/CP-DEV-SELF/something/CinderPeak/src/StorageEngine/HybridCSR_COO.hpp,497.0,26.0,590,potential null pointer dereference [-Wnull-dereference],possible null dereference,Add null checks or use non-nullable types / optionals.
/home/jasper/Development/CP-DEV-SELF/something/CinderPeak/src/StorageEngine/HybridCSR_COO.hpp,497.0,26.0,593,potential null pointer dereference [-Wnull-dereference],possible null dereference,Add null checks or use non-nullable types / optionals.
/home/jasper/Development/CP-DEV-SELF/something/CinderPeak/src/Algorithms/CinderPeakAlgorithms.hpp,17.0,12.0,602,"declaration of ‘hcsr’ shadows a member of ‘CinderPeak::Algorithms::CinderPeakAlgorithms<VertexType, EdgeType>’ [-Wshadow]",variable shadowing,Rename inner variable or reduce its scope to avoid shadowing.
/home/jasper/Development/CP-DEV-SELF/something/CinderPeak/src/StorageEngine/HybridCSR_COO.hpp,497.0,26.0,611,potential null pointer dereference [-Wnull-dereference],possible null dereference,Add null checks or use non-nullable types / optionals.
/home/jasper/Development/CP-DEV-SELF/something/CinderPeak/src/StorageEngine/HybridCSR_COO.hpp,497.0,26.0,614,potential null pointer dereference [-Wnull-dereference],possible null dereference,Add null checks or use non-nullable types / optionals.
/home/jasper/Development/CP-DEV-SELF/something/CinderPeak/src/Algorithms/CinderPeakAlgorithms.hpp,17.0,12.0,623,"declaration of ‘hcsr’ shadows a member of ‘CinderPeak::Algorithms::CinderPeakAlgorithms<VertexType, EdgeType>’ [-Wshadow]",variable shadowing,Rename inner variable or reduce its scope to avoid shadowing.
/home/jasper/Development/CP-DEV-SELF/something/CinderPeak/src/StorageEngine/HybridCSR_COO.hpp,497.0,26.0,632,potential null pointer dereference [-Wnull-dereference],possible null dereference,Add null checks or use non-nullable types / optionals.
/home/jasper/Development/CP-DEV-SELF/something/CinderPeak/src/StorageEngine/HybridCSR_COO.hpp,497.0,26.0,635,potential null pointer dereference [-Wnull-dereference],possible null dereference,Add null checks or use non-nullable types / optionals.
/home/jasper/Development/CP-DEV-SELF/something/CinderPeak/src/Algorithms/CinderPeakAlgorithms.hpp,17.0,12.0,644,"declaration of ‘hcsr’ shadows a member of ‘CinderPeak::Algorithms::CinderPeakAlgorithms<VertexType, EdgeType>’ [-Wshadow]",variable shadowing,Rename inner variable or reduce its scope to avoid shadowing.
/home/jasper/Development/CP-DEV-SELF/something/CinderPeak/src/StorageEngine/HybridCSR_COO.hpp,497.0,26.0,653,potential null pointer dereference [-Wnull-dereference],possible null dereference,Add null checks or use non-nullable types / optionals.
/home/jasper/Development/CP-DEV-SELF/something/CinderPeak/src/StorageEngine/HybridCSR_COO.hpp,497.0,26.0,656,potential null pointer dereference [-Wnull-dereference],possible null dereference,Add null checks or use non-nullable types / optionals.
/home/jasper/Development/CP-DEV-SELF/something/CinderPeak/src/Algorithms/CinderPeakAlgorithms.hpp,17.0,12.0,665,"declaration of ‘hcsr’ shadows a member of ‘CinderPeak::Algorithms::CinderPeakAlgorithms<VertexType, EdgeType>’ [-Wshadow]",variable shadowing,Rename inner variable or reduce its scope to avoid shadowing.
/home/jasper/Development/CP-DEV-SELF/something/CinderPeak/src/StorageEngine/HybridCSR_COO.hpp,497.0,26.0,674,potential null pointer dereference [-Wnull-dereference],possible null dereference,Add null checks or use non-nullable types / optionals.
/home/jasper/Development/CP-DEV-SELF/something/CinderPeak/src/StorageEngine/HybridCSR_COO.hpp,497.0,26.0,677,potential null pointer dereference [-Wnull-dereference],possible null dereference,Add null checks or use non-nullable types / optionals.
/home/jasper/Development/CP-DEV-SELF/something/CinderPeak/src/Algorithms/CinderPeakAlgorithms.hpp,17.0,12.0,686,"declaration of ‘hcsr’ shadows a member of ‘CinderPeak::Algorithms::CinderPeakAlgorithms<VertexType, EdgeType>’ [-Wshadow]",variable shadowing,Rename inner variable or reduce its scope to avoid shadowing.
/home/jasper/Development/CP-DEV-SELF/something/CinderPeak/src/StorageEngine/HybridCSR_COO.hpp,497.0,26.0,695,potential null pointer dereference [-Wnull-dereference],possible null dereference,Add null checks or use non-nullable types / optionals.
/home/jasper/Development/CP-DEV-SELF/something/CinderPeak/src/StorageEngine/HybridCSR_COO.hpp,497.0,26.0,698,potential null pointer dereference [-Wnull-dereference],possible null dereference,Add null checks or use non-nullable types / optionals.
/home/jasper/Development/CP-DEV-SELF/something/CinderPeak/src/Algorithms/CinderPeakAlgorithms.hpp,17.0,12.0,707,"declaration of ‘hcsr’ shadows a member of ‘CinderPeak::Algorithms::CinderPeakAlgorithms<VertexType, EdgeType>’ [-Wshadow]",variable shadowing,Rename inner variable or reduce its scope to avoid shadowing.
/home/jasper/Development/CP-DEV-SELF/something/CinderPeak/src/StorageEngine/HybridCSR_COO.hpp,497.0,26.0,716,potential null pointer dereference [-Wnull-dereference],possible null dereference,Add null checks or use non-nullable types / optionals.
/home/jasper/Development/CP-DEV-SELF/something/CinderPeak/src/StorageEngine/HybridCSR_COO.hpp,497.0,26.0,719,potential null pointer dereference [-Wnull-dereference],possible null dereference,Add null checks or use non-nullable types / optionals.
/home/jasper/Development/CP-DEV-SELF/something/CinderPeak/src/Algorithms/CinderPeakAlgorithms.hpp,17.0,12.0,728,"declaration of ‘hcsr’ shadows a member of ‘CinderPeak::Algorithms::CinderPeakAlgorithms<VertexType, EdgeType>’ [-Wshadow]",variable shadowing,Rename inner variable or reduce its scope to avoid shadowing.
/home/jasper/Development/CP-DEV-SELF/something/CinderPeak/src/StorageEngine/HybridCSR_COO.hpp,497.0,26.0,737,potential null pointer dereference [-Wnull-dereference],possible null dereference,Add null checks or use non-nullable types / optionals.
/home/jasper/Development/CP-DEV-SELF/something/CinderPeak/src/Algorithms/CinderPeakAlgorithms.hpp,17.0,12.0,746,"declaration of ‘hcsr’ shadows a member of ‘CinderPeak::Algorithms::CinderPeakAlgorithms<VertexType, EdgeType>’ [-Wshadow]",variable shadowing,Rename inner variable or reduce its scope to avoid shadowing.
/home/jasper/Development/CP-DEV-SELF/something/CinderPeak/src/StorageEngine/HybridCSR_COO.hpp,497.0,26.0,755,potential null pointer dereference [-Wnull-dereference],possible null dereference,Add null checks or use non-nullable types / optionals.
/home/jasper/Development/CP-DEV-SELF/something/CinderPeak/src/StorageEngine/HybridCSR_COO.hpp,497.0,26.0,758,potential null pointer dereference [-Wnull-dereference],possible null dereference,Add null checks or use non-nullable types / optionals.
/home/jasper/Development/CP-DEV-SELF/something/CinderPeak/src/Algorithms/CinderPeakAlgorithms.hpp,17.0,12.0,765,"declaration of ‘hcsr’ shadows a member of ‘CinderPeak::Algorithms::CinderPeakAlgorithms<VertexType, EdgeType>’ [-Wshadow]",variable shadowing,Rename inner variable or reduce its scope to avoid shadowing.
/home/jasper/Development/CP-DEV-SELF/something/CinderPeak/src/Algorithms/CinderPeakAlgorithms.hpp,17.0,12.0,780,"declaration of ‘hcsr’ shadows a member of ‘CinderPeak::Algorithms::CinderPeakAlgorithms<VertexType, EdgeType>’ [-Wshadow]",variable shadowing,Rename inner variable or reduce its scope to avoid shadowing.
/home/jasper/Development/CP-DEV-SELF/something/CinderPeak/src/StorageEngine/HybridCSR_COO.hpp,497.0,26.0,789,potential null pointer dereference [-Wnull-dereference],possible null dereference,Add null checks or use non-nullable types / optionals.
/home/jasper/Development/CP-DEV-SELF/something/CinderPeak/src/StorageEngine/HybridCSR_COO.hpp,497.0,26.0,792,potential null pointer dereference [-Wnull-dereference],possible null dereference,Add null checks or use non-nullable types / optionals.
/home/jasper/Development/CP-DEV-SELF/something/CinderPeak/src/Algorithms/CinderPeakAlgorithms.hpp,17.0,12.0,802,"declaration of ‘hcsr’ shadows a member of ‘CinderPeak::Algorithms::CinderPeakAlgorithms<VertexType, EdgeType>’ [-Wshadow]",variable shadowing,Rename inner variable or reduce its scope to avoid shadowing.
/home/jasper/Development/CP-DEV-SELF/something/CinderPeak/src/StorageEngine/HybridCSR_COO.hpp,497.0,26.0,811,potential null pointer dereference [-Wnull-dereference],possible null dereference,Add null checks or use non-nullable types / optionals.
/home/jasper/Development/CP-DEV-SELF/something/CinderPeak/src/StorageEngine/HybridCSR_COO.hpp,497.0,26.0,814,potential null pointer dereference [-Wnull-dereference],possible null dereference,Add null checks or use non-nullable types / optionals.
/home/jasper/Development/CP-DEV-SELF/something/CinderPeak/src/Algorithms/CinderPeakAlgorithms.hpp,17.0,12.0,823,"declaration of ‘hcsr’ shadows a member of ‘CinderPeak::Algorithms::CinderPeakAlgorithms<VertexType, EdgeType>’ [-Wshadow]",variable shadowing,Rename inner variable or reduce its scope to avoid shadowing.
/home/jasper/Development/CP-DEV-SELF/something/CinderPeak/src/StorageEngine/HybridCSR_COO.hpp,497.0,26.0,832,potential null pointer dereference [-Wnull-dereference],possible null dereference,Add null checks or use non-nullable types / optionals.
/home/jasper/Development/CP-DEV-SELF/something/CinderPeak/src/StorageEngine/HybridCSR_COO.hpp,497.0,26.0,835,potential null pointer dereference [-Wnull-dereference],possible null dereference,Add null checks or use non-nullable types / optionals.
/home/jasper/Development/CP-DEV-SELF/something/CinderPeak/src/Algorithms/CinderPeakAlgorithms.hpp,17.0,12.0,842,"declaration of ‘hcsr’ shadows a member of ‘CinderPeak::Algorithms::CinderPeakAlgorithms<VertexType, EdgeType>’ [-Wshadow]",variable shadowing,Rename inner variable or reduce its scope to avoid shadowing.
/home/jasper/Development/CP-DEV-SELF/something/CinderPeak/src/Algorithms/CinderPeakAlgorithms.hpp,17.0,12.0,856,"declaration of ‘hcsr’ shadows a member of ‘CinderPeak::Algorithms::CinderPeakAlgorithms<VertexType, EdgeType>’ [-Wshadow]",variable shadowing,Rename inner variable or reduce its scope to avoid shadowing.
/home/jasper/Development/CP-DEV-SELF/something/CinderPeak/src/Algorithms/CinderPeakAlgorithms.hpp,17.0,12.0,869,"declaration of ‘hcsr’ shadows a member of ‘CinderPeak::Algorithms::CinderPeakAlgorithms<VertexType, EdgeType>’ [-Wshadow]",variable shadowing,Rename inner variable or reduce its scope to avoid shadowing.
/home/jasper/Development/CP-DEV-SELF/something/CinderPeak/src/Algorithms/CinderPeakAlgorithms.hpp,17.0,12.0,881,"declaration of ‘hcsr’ shadows a member of ‘CinderPeak::Algorithms::CinderPeakAlgorithms<VertexType, EdgeType>’ [-Wshadow]",variable shadowing,Rename inner variable or reduce its scope to avoid shadowing.
/home/jasper/Development/CP-DEV-SELF/something/CinderPeak/src/StorageEngine/HybridCSR_COO.hpp,497.0,26.0,895,potential null pointer dereference [-Wnull-dereference],possible null dereference,Add null checks or use non-nullable types / optionals.
/home/jasper/Development/CP-DEV-SELF/something/CinderPeak/src/Algorithms/CinderPeakAlgorithms.hpp,17.0,12.0,902,"declaration of ‘hcsr’ shadows a member of ‘CinderPeak::Algorithms::CinderPeakAlgorithms<VertexType, EdgeType>’ [-Wshadow]",variable shadowing,Rename inner variable or reduce its scope to avoid shadowing.
/home/jasper/Development/CP-DEV-SELF/something/CinderPeak/src/Algorithms/CinderPeakAlgorithms.hpp,17.0,12.0,915,"declaration of ‘hcsr’ shadows a member of ‘CinderPeak::Algorithms::CinderPeakAlgorithms<VertexType, EdgeType>’ [-Wshadow]",variable shadowing,Rename inner variable or reduce its scope to avoid shadowing.
/home/jasper/Development/CP-DEV-SELF/something/CinderPeak/src/StorageEngine/HybridCSR_COO.hpp,497.0,26.0,929,potential null pointer dereference [-Wnull-dereference],possible null dereference,Add null checks or use non-nullable types / optionals.
/home/jasper/Development/CP-DEV-SELF/something/CinderPeak/src/Algorithms/CinderPeakAlgorithms.hpp,17.0,12.0,936,"declaration of ‘hcsr’ shadows a member of ‘CinderPeak::Algorithms::CinderPeakAlgorithms<VertexType, EdgeType>’ [-Wshadow]",variable shadowing,Rename inner variable or reduce its scope to avoid shadowing.
/home/jasper/Development/CP-DEV-SELF/something/CinderPeak/src/Algorithms/CinderPeakAlgorithms.hpp,17.0,12.0,949,"declaration of ‘hcsr’ shadows a member of ‘CinderPeak::Algorithms::CinderPeakAlgorithms<VertexType, EdgeType>’ [-Wshadow]",variable shadowing,Rename inner variable or reduce its scope to avoid shadowing.
/home/jasper/Development/CP-DEV-SELF/something/CinderPeak/src/StorageEngine/HybridCSR_COO.hpp,497.0,26.0,963,potential null pointer dereference [-Wnull-dereference],possible null dereference,Add null checks or use non-nullable types / optionals.
/home/jasper/Development/CP-DEV-SELF/something/CinderPeak/src/Algorithms/CinderPeakAlgorithms.hpp,17.0,12.0,970,"declaration of ‘hcsr’ shadows a member of ‘CinderPeak::Algorithms::CinderPeakAlgorithms<VertexType, EdgeType>’ [-Wshadow]",variable shadowing,Rename inner variable or reduce its scope to avoid shadowing.
/home/jasper/Development/CP-DEV-SELF/something/CinderPeak/src/StorageEngine/HybridCSR_COO.hpp,497.0,26.0,984,potential null pointer dereference [-Wnull-dereference],possible null dereference,Add null checks or use non-nullable types / optionals.
/home/jasper/Development/CP-DEV-SELF/something/CinderPeak/src/Algorithms/CinderPeakAlgorithms.hpp,17.0,12.0,991,"declaration of ‘hcsr’ shadows a member of ‘CinderPeak::Algorithms::CinderPeakAlgorithms<VertexType, EdgeType>’ [-Wshadow]",variable shadowing,Rename inner variable or reduce its scope to avoid shadowing.
/home/jasper/Development/CP-DEV-SELF/something/CinderPeak/src/StorageEngine/HybridCSR_COO.hpp,497.0,26.0,1005,potential null pointer dereference [-Wnull-dereference],possible null dereference,Add null checks or use non-nullable types / optionals.
/home/jasper/Development/CP-DEV-SELF/something/CinderPeak/src/StorageEngine/HybridCSR_COO.hpp,497.0,26.0,1008,potential null pointer dereference [-Wnull-dereference],possible null dereference,Add null checks or use non-nullable types / optionals.
/home/jasper/Development/CP-DEV-SELF/something/CinderPeak/src/StorageEngine/HybridCSR_COO.hpp,497.0,26.0,1011,potential null pointer dereference [-Wnull-dereference],possible null dereference,Add null checks or use non-nullable types / optionals.
/home/jasper/Development/CP-DEV-SELF/something/CinderPeak/src/Algorithms/CinderPeakAlgorithms.hpp,17.0,12.0,1018,"declaration of ‘hcsr’ shadows a member of ‘CinderPeak::Algorithms::CinderPeakAlgorithms<VertexType, EdgeType>’ [-Wshadow]",variable shadowing,Rename inner variable or reduce its scope to avoid shadowing.
/home/jasper/Development/CP-DEV-SELF/something/CinderPeak/src/StorageEngine/HybridCSR_COO.hpp,497.0,26.0,1032,potential null pointer dereference [-Wnull-dereference],possible null dereference,Add null checks or use non-nullable types / optionals.
/home/jasper/Development/CP-DEV-SELF/something/CinderPeak/src/StorageEngine/HybridCSR_COO.hpp,497.0,26.0,1035,potential null pointer dereference [-Wnull-dereference],possible null dereference,Add null checks or use non-nullable types / optionals.
/home/jasper/Development/CP-DEV-SELF/something/CinderPeak/src/Algorithms/CinderPeakAlgorithms.hpp,17.0,12.0,1042,"declaration of ‘hcsr’ shadows a member of ‘CinderPeak::Algorithms::CinderPeakAlgorithms<VertexType, EdgeType>’ [-Wshadow]",variable shadowing,Rename inner variable or reduce its scope to avoid shadowing.
/home/jasper/Development/CP-DEV-SELF/something/CinderPeak/examples/CinderGraph/addVertex_usage.cpp,15.0,10.0,1051,structured binding declaration set but not used [-Wunused-but-set-variable],unused symbol,"Remove the unused symbol, use it intentionally, or suppress with the appropriate attribute/pragmas (e.g., [[maybe_unused]])."
/home/jasper/Development/CP-DEV-SELF/something/CinderPeak/examples/CinderGraph/addVertex_usage.cpp,16.0,10.0,1054,structured binding declaration set but not used [-Wunused-but-set-variable],unused symbol,"Remove the unused symbol, use it intentionally, or suppress with the appropriate attribute/pragmas (e.g., [[maybe_unused]])."
/home/jasper/Development/CP-DEV-SELF/something/CinderPeak/src/StorageEngine/HybridCSR_COO.hpp,497.0,26.0,1063,potential null pointer dereference [-Wnull-dereference],possible null dereference,Add null checks or use non-nullable types / optionals.
/home/jasper/Development/CP-DEV-SELF/something/CinderPeak/src/StorageEngine/HybridCSR_COO.hpp,497.0,26.0,1066,potential null pointer dereference [-Wnull-dereference],possible null dereference,Add null checks or use non-nullable types / optionals.
/home/jasper/Development/CP-DEV-SELF/something/CinderPeak/src/StorageEngine/HybridCSR_COO.hpp,497.0,26.0,1069,potential null pointer dereference [-Wnull-dereference],possible null dereference,Add null checks or use non-nullable types / optionals.
/home/jasper/Development/CP-DEV-SELF/something/CinderPeak/src/Algorithms/CinderPeakAlgorithms.hpp,17.0,12.0,1076,"declaration of ‘hcsr’ shadows a member of ‘CinderPeak::Algorithms::CinderPeakAlgorithms<VertexType, EdgeType>’ [-Wshadow]",variable shadowing,Rename inner variable or reduce its scope to avoid shadowing.
/home/jasper/Development/CP-DEV-SELF/something/CinderPeak/src/StorageEngine/HybridCSR_COO.hpp,497.0,26.0,1090,potential null pointer dereference [-Wnull-dereference],possible null dereference,Add null checks or use non-nullable types / optionals.
/home/jasper/Development/CP-DEV-SELF/something/CinderPeak/src/StorageEngine/HybridCSR_COO.hpp,497.0,26.0,1093,potential null pointer dereference [-Wnull-dereference],possible null dereference,Add null checks or use non-nullable types / optionals.
/home/jasper/Development/CP-DEV-SELF/something/CinderPeak/src/StorageEngine/HybridCSR_COO.hpp,497.0,26.0,1096,potential null pointer dereference [-Wnull-dereference],possible null dereference,Add null checks or use non-nullable types / optionals.
/home/jasper/Development/CP-DEV-SELF/something/CinderPeak/src/Algorithms/CinderPeakAlgorithms.hpp,17.0,12.0,1103,"declaration of ‘hcsr’ shadows a member of ‘CinderPeak::Algorithms::CinderPeakAlgorithms<VertexType, EdgeType>’ [-Wshadow]",variable shadowing,Rename inner variable or reduce its scope to avoid shadowing.
/home/jasper/Development/CP-DEV-SELF/something/CinderPeak/src/StorageEngine/HybridCSR_COO.hpp,497.0,26.0,1117,potential null pointer dereference [-Wnull-dereference],possible null dereference,Add null checks or use non-nullable types / optionals.
/home/jasper/Development/CP-DEV-SELF/something/CinderPeak/src/StorageEngine/HybridCSR_COO.hpp,497.0,26.0,1120,potential null pointer dereference [-Wnull-dereference],possible null dereference,Add null checks or use non-nullable types / optionals.
/home/jasper/Development/CP-DEV-SELF/something/CinderPeak/src/StorageEngine/HybridCSR_COO.hpp,497.0,26.0,1123,potential null pointer dereference [-Wnull-dereference],possible null dereference,Add null checks or use non-nullable types / optionals.
/home/jasper/Development/CP-DEV-SELF/something/CinderPeak/src/StorageEngine/HybridCSR_COO.hpp,497.0,26.0,1126,potential null pointer dereference [-Wnull-dereference],possible null dereference,Add null checks or use non-nullable types / optionals.
/home/jasper/Development/CP-DEV-SELF/something/CinderPeak/src/Algorithms/CinderPeakAlgorithms.hpp,17.0,12.0,1133,"declaration of ‘hcsr’ shadows a member of ‘CinderPeak::Algorithms::CinderPeakAlgorithms<VertexType, EdgeType>’ [-Wshadow]",variable shadowing,Rename inner variable or reduce its scope to avoid shadowing.
/home/jasper/Development/CP-DEV-SELF/something/CinderPeak/src/StorageEngine/HybridCSR_COO.hpp,497.0,26.0,1147,potential null pointer dereference [-Wnull-dereference],possible null dereference,Add null checks or use non-nullable types / optionals.
/home/jasper/Development/CP-DEV-SELF/something/CinderPeak/src/StorageEngine/HybridCSR_COO.hpp,497.0,26.0,1150,potential null pointer dereference [-Wnull-dereference],possible null dereference,Add null checks or use non-nullable types / optionals.
/home/jasper/Development/CP-DEV-SELF/something/CinderPeak/src/StorageEngine/HybridCSR_COO.hpp,497.0,26.0,1153,potential null pointer dereference [-Wnull-dereference],possible null dereference,Add null checks or use non-nullable types / optionals.
/home/jasper/Development/CP-DEV-SELF/something/CinderPeak/src/Algorithms/CinderPeakAlgorithms.hpp,17.0,12.0,1160,"declaration of ‘hcsr’ shadows a member of ‘CinderPeak::Algorithms::CinderPeakAlgorithms<VertexType, EdgeType>’ [-Wshadow]",variable shadowing,Rename inner variable or reduce its scope to avoid shadowing.
/home/jasper/Development/CP-DEV-SELF/something/CinderPeak/src/StorageEngine/HybridCSR_COO.hpp,497.0,26.0,1174,potential null pointer dereference [-Wnull-dereference],possible null dereference,Add null checks or use non-nullable types / optionals.
/home/jasper/Development/CP-DEV-SELF/something/CinderPeak/src/StorageEngine/HybridCSR_COO.hpp,497.0,26.0,1177,potential null pointer dereference [-Wnull-dereference],possible null dereference,Add null checks or use non-nullable types / optionals.
/home/jasper/Development/CP-DEV-SELF/something/CinderPeak/src/StorageEngine/HybridCSR_COO.hpp,497.0,26.0,1180,potential null pointer dereference [-Wnull-dereference],possible null dereference,Add null checks or use non-nullable types / optionals.
/home/jasper/Development/CP-DEV-SELF/something/CinderPeak/src/Algorithms/CinderPeakAlgorithms.hpp,17.0,12.0,1187,"declaration of ‘hcsr’ shadows a member of ‘CinderPeak::Algorithms::CinderPeakAlgorithms<VertexType, EdgeType>’ [-Wshadow]",variable shadowing,Rename inner variable or reduce its scope to avoid shadowing.
/home/jasper/Development/CP-DEV-SELF/something/CinderPeak/src/StorageEngine/HybridCSR_COO.hpp,497.0,26.0,1201,potential null pointer dereference [-Wnull-dereference],possible null dereference,Add null checks or use non-nullable types / optionals.
/home/jasper/Development/CP-DEV-SELF/something/CinderPeak/src/StorageEngine/HybridCSR_COO.hpp,497.0,26.0,1204,potential null pointer dereference [-Wnull-dereference],possible null dereference,Add null checks or use non-nullable types / optionals.
/home/jasper/Development/CP-DEV-SELF/something/CinderPeak/src/StorageEngine/HybridCSR_COO.hpp,497.0,26.0,1207,potential null pointer dereference [-Wnull-dereference],possible null dereference,Add null checks or use non-nullable types / optionals.
/home/jasper/Development/CP-DEV-SELF/something/CinderPeak/src/StorageEngine/HybridCSR_COO.hpp,497.0,26.0,1210,potential null pointer dereference [-Wnull-dereference],possible null dereference,Add null checks or use non-nullable types / optionals.
/home/jasper/Development/CP-DEV-SELF/something/CinderPeak/src/Algorithms/CinderPeakAlgorithms.hpp,17.0,12.0,1217,"declaration of ‘hcsr’ shadows a member of ‘CinderPeak::Algorithms::CinderPeakAlgorithms<VertexType, EdgeType>’ [-Wshadow]",variable shadowing,Rename inner variable or reduce its scope to avoid shadowing.
/home/jasper/Development/CP-DEV-SELF/something/CinderPeak/src/StorageEngine/HybridCSR_COO.hpp,497.0,26.0,1231,potential null pointer dereference [-Wnull-dereference],possible null dereference,Add null checks or use non-nullable types / optionals.
/home/jasper/Development/CP-DEV-SELF/something/CinderPeak/src/Algorithms/CinderPeakAlgorithms.hpp,17.0,12.0,1246,"declaration of ‘hcsr’ shadows a member of ‘CinderPeak::Algorithms::CinderPeakAlgorithms<VertexType, EdgeType>’ [-Wshadow]",variable shadowing,Rename inner variable or reduce its scope to avoid shadowing.
/home/jasper/Development/CP-DEV-SELF/something/CinderPeak/src/StorageEngine/HybridCSR_COO.hpp,497.0,26.0,1260,potential null pointer dereference [-Wnull-dereference],possible null dereference,Add null checks or use non-nullable types / optionals.
/home/jasper/Development/CP-DEV-SELF/something/CinderPeak/src/Algorithms/CinderPeakAlgorithms.hpp,17.0,12.0,1295,"declaration of ‘hcsr’ shadows a member of ‘CinderPeak::Algorithms::CinderPeakAlgorithms<VertexType, EdgeType>’ [-Wshadow]",variable shadowing,Rename inner variable or reduce its scope to avoid shadowing.
/home/jasper/Development/CP-DEV-SELF/something/CinderPeak/src/StorageEngine/HybridCSR_COO.hpp,497.0,26.0,1309,potential null pointer dereference [-Wnull-dereference],possible null dereference,Add null checks or use non-nullable types / optionals.
/home/jasper/Development/CP-DEV-SELF/something/CinderPeak/src/StorageEngine/HybridCSR_COO.hpp,497.0,26.0,1312,potential null pointer dereference [-Wnull-dereference],possible null dereference,Add null checks or use non-nullable types / optionals.
/home/jasper/Development/CP-DEV-SELF/something/CinderPeak/src/Algorithms/CinderPeakAlgorithms.hpp,17.0,12.0,1325,"declaration of ‘hcsr’ shadows a member of ‘CinderPeak::Algorithms::CinderPeakAlgorithms<VertexType, EdgeType>’ [-Wshadow]",variable shadowing,Rename inner variable or reduce its scope to avoid shadowing.
/home/jasper/Development/CP-DEV-SELF/something/CinderPeak/src/StorageEngine/HybridCSR_COO.hpp,497.0,26.0,1338,potential null pointer dereference [-Wnull-dereference],possible null dereference,Add null checks or use non-nullable types / optionals.
/home/jasper/Development/CP-DEV-SELF/something/CinderPeak/src/Algorithms/CinderPeakAlgorithms.hpp,17.0,12.0,1371,"declaration of ‘hcsr’ shadows a member of ‘CinderPeak::Algorithms::CinderPeakAlgorithms<VertexType, EdgeType>’ [-Wshadow]",variable shadowing,Rename inner variable or reduce its scope to avoid shadowing.
/home/jasper/Development/CP-DEV-SELF/something/CinderPeak/src/StorageEngine/HybridCSR_COO.hpp,497.0,26.0,1385,potential null pointer dereference [-Wnull-dereference],possible null dereference,Add null checks or use non-nullable types / optionals.
/home/jasper/Development/CP-DEV-SELF/something/CinderPeak/src/StorageEngine/HybridCSR_COO.hpp,497.0,26.0,1388,potential null pointer dereference [-Wnull-dereference],possible null dereference,Add null checks or use non-nullable types / optionals.
/home/jasper/Development/CP-DEV-SELF/something/CinderPeak/src/Algorithms/CinderPeakAlgorithms.hpp,17.0,12.0,1395,"declaration of ‘hcsr’ shadows a member of ‘CinderPeak::Algorithms::CinderPeakAlgorithms<VertexType, EdgeType>’ [-Wshadow]",variable shadowing,Rename inner variable or reduce its scope to avoid shadowing.
/home/jasper/Development/CP-DEV-SELF/something/CinderPeak/src/StorageEngine/HybridCSR_COO.hpp,497.0,26.0,1409,potential null pointer dereference [-Wnull-dereference],possible null dereference,Add null checks or use non-nullable types / optionals.
/home/jasper/Development/CP-DEV-SELF/something/CinderPeak/src/StorageEngine/HybridCSR_COO.hpp,497.0,26.0,1412,potential null pointer dereference [-Wnull-dereference],possible null dereference,Add null checks or use non-nullable types / optionals.
/home/jasper/Development/CP-DEV-SELF/something/CinderPeak/src/StorageEngine/HybridCSR_COO.hpp,497.0,26.0,1415,potential null pointer dereference [-Wnull-dereference],possible null dereference,Add null checks or use non-nullable types / optionals.
/home/jasper/Development/CP-DEV-SELF/something/CinderPeak/src/Algorithms/CinderPeakAlgorithms.hpp,17.0,12.0,1424,"declaration of ‘hcsr’ shadows a member of ‘CinderPeak::Algorithms::CinderPeakAlgorithms<VertexType, EdgeType>’ [-Wshadow]",variable shadowing,Rename inner variable or reduce its scope to avoid shadowing.
/home/jasper/Development/CP-DEV-SELF/something/CinderPeak/src/StorageEngine/HybridCSR_COO.hpp,497.0,26.0,1438,potential null pointer dereference [-Wnull-dereference],possible null dereference,Add null checks or use non-nullable types / optionals.
/home/jasper/Development/CP-DEV-SELF/something/CinderPeak/src/StorageEngine/HybridCSR_COO.hpp,497.0,26.0,1441,potential null pointer dereference [-Wnull-dereference],possible null dereference,Add null checks or use non-nullable types / optionals.
/home/jasper/Development/CP-DEV-SELF/something/CinderPeak/src/StorageEngine/HybridCSR_COO.hpp,497.0,26.0,1444,potential null pointer dereference [-Wnull-dereference],possible null dereference,Add null checks or use non-nullable types / optionals.
/home/jasper/Development/CP-DEV-SELF/something/CinderPeak/src/Algorithms/CinderPeakAlgorithms.hpp,17.0,12.0,1452,"declaration of ‘hcsr’ shadows a member of ‘CinderPeak::Algorithms::CinderPeakAlgorithms<VertexType, EdgeType>’ [-Wshadow]",variable shadowing,Rename inner variable or reduce its scope to avoid shadowing.
/home/jasper/Development/CP-DEV-SELF/something/CinderPeak/src/StorageEngine/HybridCSR_COO.hpp,497.0,26.0,1466,potential null pointer dereference [-Wnull-dereference],possible null dereference,Add null checks or use non-nullable types / optionals.
/home/jasper/Development/CP-DEV-SELF/something/CinderPeak/src/StorageEngine/HybridCSR_COO.hpp,497.0,26.0,1469,potential null pointer dereference [-Wnull-dereference],possible null dereference,Add null checks or use non-nullable types / optionals.
/home/jasper/Development/CP-DEV-SELF/something/CinderPeak/src/StorageEngine/HybridCSR_COO.hpp,497.0,26.0,1472,potential null pointer dereference [-Wnull-dereference],possible null dereference,Add null checks or use non-nullable types / optionals.
/home/jasper/Development/CP-DEV-SELF/something/CinderPeak/src/StorageEngine/HybridCSR_COO.hpp,497.0,26.0,1475,potential null pointer dereference [-Wnull-dereference],possible null dereference,Add null checks or use non-nullable types / optionals.
